French Phrase|English Translation|Literal Translation
A bientôt|See you later.|To soon.
A ce soir|See you tonight.|To this evening.
A combien de kilomètres est la Pennsylvanie ?|How many kilometers is it to Pennsylvania?|At how many of kilometers is the Pennsylvania?
A demain|See you tomorrow.|To tomorrow.
A droite|On the right.|To right.
A gauche|On the left.|To left.
A l'aide|Help!|To the aid.
A l'extérieur de l'hôtel|Outside the hotel.|At the exterior of the hotel.
A peu près trois cents kilomètres|About 300 kilometers.|At little near three hundred kilometers.
A quelle école est-ce que tu es allé ?|What school did you go to?|At what school is it that you are gone?
A quelle heure est-ce arrivé ?|At what time did it happen?|At what hour is it arrived?
A quelle heure est-ce que ça commence ?|What time does it start?|At what hour is it that that starts?
A quelle heure est-ce que le film commence ?|What time does the movie start?|At what hour is it that the movie starts?
A quelle heure est-ce que le magasin ouvre ?|What time does the store open?|At what hour is it that the store opens?
A quelle heure est-ce que tu penses que tu vas arriver ?|What time do you think you'll arrive?|At what hour is it that you think that you go to arrive?
A quelle heure est-ce que tu t'es couché ?|What time did you go to sleep?|At what hour is it that you yourself are bedded?
A quelle heure est-ce que tu t'es levé ?|What time did you get up?|At what hour is it that you yourself are raised?
A quelle heure est-ce que tu t'es réveillé ?|What time did you wake up?|At what hour is it that you yourself are awakened?
A quelle heure est-ce que tu vas aller à la gare routière ?|What time are you going to the bus station?|At what hour is it that you go to go to the station road?
A quelle heure est-ce que tu vas au travail chaque jour ?|What time do you go to work everyday?|At what hour is it that you go to the work each day?
A quelle heure est-ce qu'ils arrivent ?|What time are they arriving?|At what hour is it that they arrive?
A quelle heure est-ce qu'on doit libérer la chambre ?|What time is check out?|At what hour is it that one must free the room?
A quelle heure ?|At what time?|At what hour?
A qui est ce livre ?|Whose book is that?|To whom is this book?
A qui voudrais-tu parler ?|Who would you like to speak to?|To whom would want you to speak?
A quoi tu penses ?|What are you thinking about?|At what you think?
A sept heures du matin ?|At 7 o'clock in the morning.|At seven hours of the morning?
A sept heures du soir|At 7 o'clock at night.|At seven hours of the evening.
A trois heures de l'après-midi|At 3 o'clock in the afternoon.|At three hours of the after-middle-day.
A trois heures|At 3 o'clock.|At three hours.
Allez tout droit|Go straight ahead.|Go all straight.
Allons voir|Let's go have a look.|Let’s go see.
Allons-y|Let's go.|Let’s go there.
Amy est la petite amie de John|Amy is John's girlfriend.|Amy is the little friend of John.
Appelle la police|Call the police.|Call the police.
Appelle-moi|Call me.|Call me.
Apporte-moi ma chemise s'il te plaît|Bring me my shirt please.|Bring me my shirt if it you pleases.
Arrête|Stop!|Stop.
As-tu besoin de quelque chose ?|Do you need anything?|Have you need of something?
As-tu peur ?|Are you afraid?|Have you fear?
As-tu reçu mon e-mail ?|Did you get my e-mail?|Have you received my email?
Au deuxième étage|On the second floor.|At the second floor.
Avez-vous besoin d'autre chose ?|Do you need anything else?|Have you need of other thing?
Bien sûr|Of course.|Well sure.
Bon après-midi|Good afternoon.|Good after-middle-day.
Bonjour, est-ce que Madame Smith est là, s'il vous plaît ?|Good day, Is Mrs. Smith there, please?|Good day, is it that Madam Smith is there, if it you pleases?
Bonjour|Good morning / Good day.|Good day.
Bonne chance|Good Luck.|Good luck.
Bonne idée|Good idea.|Good idea.
Bonsoir Monsieur|Good evening sir.|Good evening Mister.
Ça a l'air super|That looks great.|That has the air super.
Ça a l'air vieux|That looks old.|That has the air old.
Ça coûte vingt dollars de l'heure|It costs 20 dollars per hour.|That costs twenty dollars of the hour.
Ça dépend du temps|It depends on the weather.|That depends of the time/weather.
Ça dure combien de temps ?|How long is it?|That lasts how much of time?
Ça fait mal ici|It hurts here.|That makes bad/hurt here.
Ça ne marche pas|This doesn't work.|That not walks/works not.
Ça ne me fait rien|I don't mind.|That not me does nothing.
Ça prend combien de temps en voiture ?|How long does it take by car?|That takes how much of time in car?
Ça prend combien de temps pour aller en Georgie ?|How long does it take to get to Georgia?|That takes how much of time for to go in Georgia?
Ça prend combien de temps ?|How long will it take?|That takes how much of time?
Ça prend deux heures en voiture|It takes 2 hours by car.|That takes two hours in car.
Ça sent mauvais|That smells bad.|That smells bad.
Ça suffit|That's enough.|That suffices.
Ça va|I'm ok / Are you okay?|That goes.
Ça veut dire ami|That means friend.|That wants to say friend.
Ce n'est pas assez|That's not enough.|That not is not enough.
Ce n'est pas grave|Forget it / It's not serious.|That not is not grave/serious.
Ce n'est pas juste|That's not fair.|That not is not just/fair.
Ce n'est pas très cher|It's not very expensive.|That not is not very expensive.
Ce n'est pas vrai|That's not right / That's not true.|That not is not true.
Ce restaurant n'est pas cher|That restaurant is not expensive.|This restaurant not is not expensive.
Ce sont les mêmes|They're the same.|These are the same.
Certainement|Certainly!|Certainly.
Ces hommes parlent anglais|Those men are speaking English.|These men speak English.
Ces livres sont à vous|These books are yours.|These books are to you.
C'est à combien de distance de Chicago ?|How far is it to Chicago?|It is at how much of distance from Chicago?
C'est à combien de distance ?|How far is it?|It is at how much of distance?
C'est à moi|It's mine.|It is to me.
C'est au nord d'ici|It's north of here.|It is to the north of here.
C'est bon|It's ok / That's fine.|It is good.
C'est chambre est en désordre|This room is a mess.|This room is in disorder.
C'est combien pour aller à Miami ?|How much is it to go to Miami?|It is how much for to go to Miami?
C'est combien pour le tout ?|How much altogether?|It is how much for the all?
C'est combien ?|How much is it?|It is how much?
C'est dans la septième rue|It's on 7th street.|It is in the seventh street.
C'est délicieux|It's delicious!|It is delicious.
C'est dix-sept dollars|It's 17 dollars.|It is seventeen dollars.
C'est dommage|That's too bad.|It is damage/pity.
C'est faux|That's wrong.|It is false.
C'est huit heures quarante-cinq|It's 8:45.|It is eight hours forty-five.
C'est juste|That's fair / Correct.|It is just/correct.
C'est la première fois que je viens ici|This is the first time I've been here.|It is the first time that I come here.
C'est là|It's here / It's there.|It is there.
C'est là-bas|It's over there.|It is there-down.
C'est le vingt-cinq août|It's August 25th.|It is the twenty-five August.
C'est loin d'ici|It's far from here.|It is far from here.
C'est ma mère|This is my mother.|It is my mother.
C'est moins de cinq dollars|It's less than 5 dollars.|It is less of five dollars.
C'est moins de trois kilomètres|It's shorter than 3 miles.|It is less of three kilometers.
C'est Monsieur Smith|This is Mr. Smith.|It is Mister Smith.
C'est neuf heures et quart|It's a quarter past nine.|It is nine hours and quarter.
C'est onze heures et demie du soir|It's 11:30 p.m.|It is eleven hours and half of the evening.
C'est pas mal|That's alright / Not bad.|It is not bad.
C'est plus de cinq dollars|It's more than 5 dollars.|It is more of five dollars.
C'est plus long que deux kilomètres|It's longer than 2 miles.|It is more long than two kilometers.
C'est près du supermarché|It's near the Supermarket.|It is near of the supermarket.
C'est qui|Who is that?|It is who?
C'est sept heures moins quart|It's a quarter to 7.|It is seven hours minus quarter.
C'est six heures du matin|It's 6 a.m.|It is six hours of the morning.
C'est son livre|That's her book.|It is his/her book.
C'est tout|That's it.|It is all.
C'est très difficile|This is very difficult.|It is very difficult.
C'est très important|It's very important.|It is very important.
C'est trop cher|That's too expensive.|It is too expensive.
C'est trop loin|It's too far.|It is too far.
C'est trop tard|It's too late.|It is too late.
C'est trop|That's too many / too much.|It is too (much).
C'est une bonne école|That's a good school.|It is a good school.
C'est vrai|That's right / That's true.|It is true.
Cette maison est très grande|This house is very big.|This house is very big.
Cette voiture là-bas est à moi|That car over there is mine.|That car there-down is to me.
Cette voiture ressemble à ma voiture|That car is similar to my car.|This car resembles to my car.
Chaque jour je me lève à six heures du matin|Everyday I get up at 6 a.m.|Each day I myself raise at six hours of the morning.
Chaque semaine|Every week.|Each week.
Chicago est très différente de Boston|Chicago is very different from Boston.|Chicago is very different of Boston.
Combien de langues est-ce que tu parles ?|How many languages do you speak?|How many of languages is it that you speak?
Combien coûte ceci ?|How much is this?|How much costs this?
Combien coûte cela ?|How much is that?|How much costs that?
Combien coûtent ces boucles d'oreilles ?|How much are these earrings?|How much cost these buckles of ears?
Combien d'argent est-ce que vous avez ?|How much money do you have?|How much of money is it that you have?
Combien d'argent est-ce que vous gagnez ?|How much money do you make?|How much of money is it that you earn/win?
Combien de personnes est-ce qu'il y a à New York ?|How many people are there in New York?|How many of persons is it that it there has at New York?
Combien de personnes est-ce qu'il y a dans ta famille ?|How many people do you have in your family?|How many of persons is it that it there has in your family?
Combien de personnes ?|How many people?|How many of persons?
Combien de temps est-ce que tu vas rester ?|How long will you be staying?|How much of time is it that you go to stay?
Combien d'enfants est-ce tu as ?|How many children do you have?|How many of children is it (that) you have?
Combien d'heures par semaine est-ce que tu travailles ?|How many hours a week do you work?|How many of hours per week is it that you work?
Combien est-ce que ça coûte par jour ?|How much does it cost per day?|How much is it that that costs per day?
Combien est-ce que ça coûte ?|How much does this cost?|How much is it that that costs?
Combien est-ce que ça coûtera ?|How much will it cost?|How much is it that that will cost?
Combien est-ce que je vous dois ?|How much do I owe you?|How much is it that I you owe?
Combien mesures-tu ?|How tall are you?|How much measure you?
Combien voudrais-tu ?|How much would you like?|How much would want you?
Combien ?|How many?|How much?
Comment ça va ?|How are you?|How that goes?
Comment est-ce que je me rends à la rue Daniel ?|How do I get to Daniel Street?|How is it that I myself render to the street Daniel?
Comment est-ce que je me rends à l'Ambassade américaine ?|How do I get to the American Embassy?|How is it that I myself render to the embassy American?
Comment est-ce que je me sers de ça ?|How do I use this?|How is it that I myself serve of that?
Comment est-ce que je m'y rends ?|How do I get there?|How is it that I myself there render?
"Comment est-ce que tu épèles le mot ""Seattle"" ?"|How do you spell the word Seattle?|"How is it that you spell the word ""Seattle""?"
Comment est-ce que tu le dis en anglais ?|How do you say it in English?|How is it that you it say in English?
Comment est-ce que tu l'épèles ?|How do you spell it?|How is it that you it spell?
Comment est-ce que tu prononces ça ?|How do you pronounce that?|How is it that you pronounce that?
Comment est-ce que tu sais ?|How do you know?|How is it that you know?
Comment était le film ?|How was the movie?|How was the movie?
Comment était le voyage ?|How was the trip?|How was the voyage?
Comment réglez-vous ?|How are you paying?|How settle/pay you?
Comment s'appelle la compagnie pour laquelle tu travailles ?|What's the name of the company you work for?|How herself calls the company for which you work?
Comment t'appelles-tu ?|What's your name?|How yourself call you?
Comment va le travail ?|How's work going?|How goes the work?
Comment va-t-elle ?|How is she?|How goes she?
Comment vont les affaires ?|How's business?|How go the affairs?
Comment vont tes parents ?|How are your parents?|How go your parents?
D'accord|Okay.|Of agreement.
Dans la cinquième rue|At 5th street.|In the fifth street.
Dans quelle école est-ce qu'il va ?|Which school does he go to?|In what school is it that he goes?
Dans trente minutes|In 30 minutes.|In thirty minutes.
De quelle couleur est cette voiture ?|What color is that car?|Of what color is this car?
De quelle religion êtes-vous ?|What's your religion?|Of what religion are you?
De quoi est-ce que vous parlez tous les deux ?|What are you two talking about?|Of what is it that you speak all the two?
De rien|You're welcome.|Of nothing.
De temps en temps|From time to time.|Of time in time.
Dépêche-toi|Hurry!|Dispatch yourself.
Depuis combien de temps est tu es en Amérique ?|How long have you been in America?|Since how much of time is (it that) you are in America?
Depuis combien de temps est-ce que tu es ici ?|How long have you been here?|Since how much of time is it that you are here?
Depuis combien de temps est-ce que tu habites ici ?|How long have you lived here?|Since how much of time is it that you inhabit here?
Depuis combien de temps est-ce que tu travailles ici ?|How long have you worked here?|Since how much of time is it that you work here?
Derrière la banque|Behind the bank.|Behind the bank.
Dès que possible|As soon as possible.|From that possible.
Désolé de vous déranger|Sorry to bother you.|Desolated of you to disturb.
Désolé, je crois que j'ai un mauvais numéro|Sorry, I think I have the wrong number.|Desolated, I believe that I have a bad number.
Désolé, je n'ai pas bien entendu|Sorry, I didn't hear clearly.|Desolated, I not have not well heard.
Désolé, je n'ai pas de crayon|Sorry, I don't have a pencil.|Desolated, I not have not of pencil.
Désolés, nous acceptons seulement le liquide|Sorry, we only accept Cash.|Desolated (plural), we accept only the liquid.
Désolés, nous n'acceptons pas les cartes de crédit|Sorry, we don't accept credit cards.|Desolated (plural), we not accept not the cards of credit.
Désolés, nous n'en avons pas|Sorry, we don't have any.|Desolated (plural), we not of it have not.
Désolés, nous sommes complets|Sorry, we don't have any vacancies.|Desolated (plural), we are full/complete.
D'habitude je bois du café au petit déjeuner|I usually drink coffee at breakfast.|Of habit I drink some coffee at the little lunch.
D'ici à là-bas|From here to there.|From here to there-down.
Dis-lui que j'ai besoin de lui parler|Tell him that I need to talk to him.|Tell to him that I have need of to him to speak.
Dis-moi|Tell me.|Say to me.
Donne-moi le stylo|Give me the pen.|Give me the pen.
Donne-moi un coup de fil|Give me a call.|Give me a blow of wire/thread.
D'où viens-tu ?|Where are you from?|From where come you?
D'où vient-elle ?|Where is she from?|From where comes she?
D'où vient-il ?|Where is he from?|From where comes he?
Elle est jolie|She's pretty.|She is pretty.
Elle est plus âgée que moi|She's older than me.|She is more aged than me.
Elle est spécialiste|She's an expert.|She is specialist.
Elle va aller avec moi demain|She's going with me tomorrow.|She goes to go with me tomorrow.
Elle veut savoir quand vous allez venir|She wants to know when you're coming.|She wants to know when you go to come.
Emmenez-moi au centre ville|Take me downtown.|Lead me to the center town.
Emmenez-moi au Marriott Hotel|Take me to the Marriott Hotel.|Lead me to the Marriott Hotel.
En face de la poste|Across from the post office.|In face of the post office.
Enchanté|Nice to meet you.|Enchanted.
Essaie de le dire|Try to say it.|Try of it to say.
Essaie-le/la|Try it on / Try it.|Try it.
Est-ce que tu as fini d'étudier ?|Have you finished studying?|Is it that you have finished of to study?
Est-ce qu'il y a quelque chose de moins cher ?|Is there anything cheaper?|Is it that it there has something of less expensive?
Est-ce que ça peut être moins cher ?|Can it be cheaper?|Is it that that can to be less expensive?
Est-ce que ça suffit ?|Is that enough?|Is it that that suffices?
Est-ce que ça va ?|Is that ok?|Is it that that goes?
Est-ce que ce sont les mêmes ?|Are they the same?|Is it that these are the same?
Est-ce que ce stylo est à toi ?|Is this pen yours?|Is it that this pen is to you?
Est-ce que c'est chaud ?|Is it hot?|Is it that it is hot?
Est-ce que c'est le bus pour New York ?|Is this the bus to New York?|Is it that it is the bus for New York?
Est-ce que c'est loin d'ici ?|Is it far from here?|Is it that it is far from here?
Est-ce que c'est Monsieur Smith ?|Is this Mr. Smith?|Is it that it is Mister Smith?
Est-ce que c'est possible ?|Is it possible?|Is it that it is possible?
Est-ce que c'est près d'ici ?|Is it nearby?|Is it that it is near from here?
Est-ce que c'est près ?|Is it close?|Is it that it is near?
Est-ce que c'est prêt ?|Is it ready?|Is it that it is ready?
Est-ce que c'est ton livre ?|Is this your book?|Is it that it is your book?
Est-ce que c'est un endroit sans danger ?|Is this a safe area?|Is it that it is a place without danger?
Est-ce que cette route va à New York ?|Does this road go to New York?|Is it that this road goes to New York?
Est-ce que j'ai du courrier ?|Is there any mail for me?|Is it that I have some mail?
Est-ce que je devrais attendre ?|Should I wait?|Is it that I should wait?
Est-ce que je le prononce correctement ?|Am I pronouncing it correctly?|Is it that I it pronounce correctly?
Est-ce que je peux amener un ami ?|Can I bring my friend?|Is it that I can bring a friend?
Est-ce que je peux avoir accès à l'internet ici ?|Can I access the Internet here?|Is it that I can have access to the internet here?
Est-ce que je peux avoir l'addition s'il vous plaît ?|Can I have the bill please?|Is it that I can have the addition if it you pleases?
Est-ce que je peux avoir le menu s'il vous plaît ?|Can we have a menu please?|Is it that I can have the menu if it you pleases?
Est-ce que je peux avoir un reçu s'il vous plaît ?|Can I have a receipt please?|Is it that I can have a receipt if it you pleases?
Est-ce que je peux avoir un verre d'eau s'il vous plaît ?|Can I have a glass of water please?|Is it that I can have a glass of water if it you pleases?
Est-ce que je peux emprunter de l'argent ?|Can I borrow some money?|Is it that I can borrow some money?
Est-ce que je peux l'essayer ?|Can I try it on?|Is it that I can it try?
Est-ce que je peux me servir de ton téléphone ?|Can I use your phone?|Is it that I can me serve of your phone?
Est-ce que je peux prendre rendez-vous pour mercredi prochain ?|Can I make an appointment for next Wednesday?|Is it that I can take meeting for Wednesday next?
Est-ce que je peux prendre un message ?|Can I take a message?|Is it that I can take a message?
Est-ce que je peux voir votre passeport s'il vous plaît ?|Can I see your passport please?|Is it that I can see your passport if it you pleases?
Est-ce que je peux vous aider ?|Can I help you?|Is it that I can you help?
Est-ce que John est ici ?|Is John here?|Is it that John is here?
Est-ce que John est là s'il vous plaît ?|Is John there please?|Is it that John is there if it you pleases?
Est-ce que la banque est loin ?|Is the bank far?|Is it that the bank is far?
Est-ce que Monsieur Smith est un Américain ?|Is Mr. Smith an American?|Is it that Mister Smith is an American?
Est-ce que nous pouvons avoir un peu plus de pain s'il vous plaît ?|Can we have some more bread please?|Is it that we can have a little more of bread if it you pleases?
Est-ce que nous pouvons nous asseoir là-bas ?|Can we sit over there?|Is it that we can ourselves to sit there-down?
Est-ce que quelqu'un d'autre vient ?|Is anyone else coming?|Is it that someone of other comes?
Est-ce que ta femme a aimé la Floride ?|Did your wife like Florida?|Is it that your wife has liked the Florida?
Est-ce que tes enfants sont avec toi ?|Are your children with you?|Is it that your children are with you?
Est-ce que ton fils est ici ?|Is your son here?|Is it that your son is here?
Est-ce que ton frère est allé en Californie ?|Has your brother been to California?|Is it that your brother is gone in California?
Est-ce que ton mari est aussi de Boston ?|Is your husband also from Boston?|Is it that your husband is also from Boston?
Est-ce que ton père est à la maison ?|Is your father home?|Is it that your father is at the house?
Est-ce que tout va bien ?|Is everything ok?|Is it that all goes well?
Est-ce que tu aimes ce livre ?|Do you like the book?|Is it that you like this book?
Est-ce que tu aimes regarder la télé ?|Do you like to watch TV?|Is it that you like to watch the TV?
Est-ce que tu aimes tes collègues ?|Do you like your co-workers?|Is it that you like your colleagues?
Est-ce que tu aimes ton patron ?|Do you like your boss?|Is it that you like your boss?
Est-ce que tu as assez d'argent ?|Do you have enough money?|Is it that you have enough of money?
Est-ce que tu as de l'argent ?|Do you have any money?|Is it that you have of the money?
Est-ce que tu as déjà mangé de la soupe de pommes de terre ?|Have you ever had Potato soup?|Is it that you have already eaten of the soup of apples of earth?
Est-ce que tu as déjà mangé ?|Have you eaten yet?|Is it that you have already eaten?
Est-ce que tu as faim ?|Are you hungry?|Is it that you have hunger?
Est-ce que tu as fait ça avant ?|Have you done this before?|Is it that you have done that before?
Est-ce que tu as mangé dans ce restaurant ?|Have you eaten at that restaurant?|Is it that you have eaten in this restaurant?
Est-ce que tu as pris tes médicaments ?|Did you take your medicine?|Is it that you have taken your medicines?
Est-ce que tu as un crayon ?|Do you have a pencil?|Is it that you have a pencil?
Est-ce que tu as un petit ami ?|Do you have a boyfriend?|Is it that you have a little friend?
Est-ce que tu as un problème ?|Do you have a problem?|Is it that you have a problem?
Est-ce que tu as un rendez-vous ?|Do you have an appointment?|Is it that you have a meeting/appointment?
Est-ce que tu as une petite amie ?|Do you have a girlfriend?|Is it that you have a little friend?
Est-ce que tu as vu ce film ?|Have you seen this movie?|Is it that you have seen this movie?
Est-ce que tu attends quelqu'un ?|Are you waiting for someone?|Is it that you wait for someone?
Est-ce que tu comprends ?|Do you understand?|Is it that you understand?
Est-ce que tu en as un autre ?|Do you have another one?|Is it that you of it have another one?
Est-ce que tu es allé à Boston ?|Have you been to Boston?|Is it that you are gone to Boston?
Est-ce que tu es libre ce soir ?|Are you free tonight?|Is it that you are free this evening?
Est-ce que tu es prêt ?|Are you ready?|Is it that you are ready?
Est-ce que tu étudies l'anglais ?|Do you study English?|Is it that you study the English?
Est-ce que tu fais du sport ?|Do you play any sports?|Is it that you do of the sport?
Est-ce que tu fumes ?|Do you smoke?|Is it that you smoke?
Est-ce que tu joues au basket ?|Do you play basketball?|Is it that you play at the basket?
Est-ce que tu la connais ?|Do you know her?|Is it that you her know?
Est-ce que tu m'as envoyé des fleurs ?|Did you send me flowers?|Is it that you to me have sent some flowers?
Est-ce que tu penses que c'est possible ?|Do you think it's possible?|Is it that you think that it is possible?
Est-ce que tu penses que tu seras de retour d'ici onze heures trente ?|Do you think you'll be back by 11:30?|Is it that you think that you will be of return from here eleven hours thirty?
Est-ce que tu penses qu'il pleuvra aujourd'hui ?|Do you think it'll rain today?|Is it that you think that it will rain today?
Est-ce que tu penses qu'il va pleuvoir demain ?|Do you think it's going to rain tomorrow?|Is it that you think that it goes to rain tomorrow?
Est-ce que tu peux jeter ça pour moi ?|Can you throw that away for me?|Is it that you can throw that for me?
Est-ce que tu peux me donner un exemple ?|Can you give me an example?|Is it that you can me give an example?
Est-ce que tu peux me faire une faveur ?|Can you do me a favor?|Is it that you can me do a favor?
Est-ce que tu peux me montrer ?|Can you show me?|Is it that you can me show?
Est-ce que tu peux me rappeler plus tard ?|Can you call me back later?|Is it that you can me call back more late?
Est-ce que tu peux porter ça pour moi ?|Can you carry this for me?|Is it that you can carry that for me?
Est-ce que tu peux réparer ça ?|Can you fix this?|Is it that you can repair that?
Est-ce que tu peux répéter ça encore s'il te plaît ?|Can you please say that again?|Is it that you can repeat that again if it you pleases?
Est-ce que tu peux tenir ça pour moi ?|Can you hold this for me?|Is it that you can hold that for me?
Est-ce que tu peux traduire ça pour moi ?|Can you translate this for me?|Is it that you can translate that for me?
Est-ce que tu sais ce que ça dit ?|Do you know what this says?|Is it that you know that which that says?
Est-ce que tu sais ce que ça veut dire ?|Do you know what this means?|Is it that you know that which that wants to say?
Est-ce que tu sais combien ça coûte ?|Do you know how much it costs?|Is it that you know how much that costs?
Est-ce que tu sais cuisiner ?|Do you know how to cook?|Is it that you know to cook?
Est-ce que tu sais nager ?|Can you swim?|Is it that you know to swim?
Est-ce que tu sais où elle est ?|Do you know where she is?|Is it that you know where she is?
Est-ce que tu sais où sont mes lunettes ?|Do you know where my glasses are?|Is it that you know where are my glasses?
Est-ce que tu te plais ici ?|Do you like it here?|Is it that you yourself please here?
Est-ce que tu te sens bien ?|Are you comfortable / well?|Is it that you yourself feel well?
Est-ce que tu vas assister à leur mariage ?|Are you going to attend their wedding?|Is it that you go to assist at their marriage?
Est-ce que tu vas l'aider ?|Are you going to help her?|Is it that you go to her help?
Est-ce que tu vas prendre un avion ou un train ?|Are you going to take a plane or train?|Is it that you go to take a plane or a train?
Est-ce que tu vas souvent en Floride ?|Do you go to Florida often?|Is it that you go often in Florida?
Est-ce que tu veux aller au cinéma ?|Do you want to go to the movies?|Is it that you want to go to the cinema?
Est-ce que tu veux que je vienne te chercher ?|Do you want me to come and pick you up?|Is it that you want that I come you to look for?
Est-ce que tu veux venir avec moi ?|Do you want to come with me?|Is it that you want to come with me?
Est-ce que tu viens ce soir ?|Are you coming this evening?|Is it that you come this evening?
Est-ce que votre maison est comme celle-ci ?|Is your house like this one?|Is it that your house is like this one?
Est-ce que vous acceptez les cartes de crédit ?|Do you take credit cards?|Is it that you accept the cards of credit?
Est-ce que vous acceptez les dollars ?|Do you accept U.S Dollars?|Is it that you accept the dollars?
Est-ce que vous avez ceci en taille 11 ?|Do you have this in size 11?|Is it that you have this in size 11?
Est-ce que vous avez des chambres de libre ?|Do you have any vacancies?|Is it that you have some rooms of free?
Est-ce que vous avez des enfants ?|Do you have any children?|Is it that you have some children?
Est-ce que vous avez du café ?|Do you have any coffee?|Is it that you have some coffee?
Est-ce que vous avez le numéro pour un taxi ?|Do you have the number for a taxi?|Is it that you have the number for a taxi?
Est-ce que vous avez quelque chose de moins cher ?|Do you have anything cheaper?|Is it that you have something of less expensive?
Est-ce que vous avez une piscine ?|Do you have a swimming pool?|Is it that you have a swimming pool?
Est-ce que vous parlez anglais ?|Do you speak English?|Is it that you speak English?
Est-ce que vous pouvez rappeler plus tard ?|Can you call back later?|Is it that you can call back more late?
Est-ce que vous savez comment aller au Marriott Hotel ?|Do you know how to get to the Marriott Hotel?|Is it that you know how to go to the Marriott Hotel?
Est-ce que vous savez où il y a un magasin qui vend des serviettes ?|Do you know where there's a store that sells towels?|Is it that you know where it there has a store which sells some towels?
Est-ce que vous savez où je peux prendre un taxi ?|Do you know where I can get a taxi?|Is it that you know where I can take a taxi?
Est-ce que vous vendez des médicaments ?|Do you sell medicine?|Is it that you sell some medicines?
Est-ce que vous vendez des piles ?|Do you sell batteries?|Is it that you sell some batteries?
Est-ce qu'il a neigé hier ?|Did it snow yesterday?|Is it that it has snowed yesterday?
Est-ce qu'il aime l'école ?|Does he like the school?|Is it that he likes the school?
Est-ce qu'il doit pleuvoir demain ?|Is it supposed to rain tomorrow?|Is it that it must rain tomorrow?
Est-ce qu'il fait froid dehors ?|Is it cold outside?|Is it that it makes cold outside?
Est-ce qu'il neige souvent en hiver dans le Massachusetts ?|Does it often snow in the winter in Massachusetts?|Is it that it snows often in winter in the Massachusetts?
Est-ce qu'il pleut ?|Is it raining?|Is it that it rains?
Est-ce qu'il y a des concerts ?|Are there any concerts?|Is it that it there has some concerts?
Est-ce qu'il y a eu des problèmes ?|Were there any problems?|Is it that it there has had some problems?
Est-ce qu'il y a l'air conditionné dans la chambre ?|Is there air conditioning in the room?|Is it that it there has the air conditioned in the room?
Est-ce qu'il y a quelqu'un ici qui parle anglais ?|Does anyone here speak English?|Is it that it there has someone here who speaks English?
Est-ce qu'il y a un cinéma près d'ici ?|Is there a movie theater nearby?|Is it that it there has a cinema near from here?
Est-ce qu'il y a un guide anglais ?|Is there an English speaking guide?|Is it that it there has a guide English?
Est-ce qu'il y a un magasin près d'ici ?|Is there a store near here?|Is it that it there has a store near from here?
Est-ce qu'il y a un restaurant dans l'hôtel ?|Is there a restaurant in the hotel?|Is it that it there has a restaurant in the hotel?
Est-ce qu'il y a une boîte de nuit en ville ?|Is there a nightclub in town?|Is it that it there has a box of night in town?
Est-ce qu'ils l'ont déjà rencontrée ?|Have they met her yet?|Is it that they her have already met?
Est-ce qu'ils viennent ce soir ?|Are they coming this evening?|Is it that they come this evening?
Es-tu allergique à quelque chose ?|Are you allergic to anything?|Are you allergic to something?
Es-tu américain ?|Are you American?|Are you American?
Es-tu arrivé ?|Have you arrived?|Are you arrived?
Es-tu malade ?|Are you sick?|Are you sick?
Es-tu marié ?|Are you married?|Are you married?
Es-tu occupé ?|Are you busy?|Are you occupied?
Es-tu seul ici ?|Are you here alone?|Are you alone here?
Es-tu sûr ?|Are you sure?|Are you sure?
Es-tu venu avec ta famille ?|Did you come with your family?|Are you come with your family?
Et toi ?|And you?|And you?
Etais-tu à la bibliothèque hier ?|Were you at the library last night?|Were you at the library yesterday?
Excellent|Excellent.|Excellent.
Excusez-moi, qu'est-ce que vous avez dit ?|Excuse me, what did you say?|Excuse me, what is it that you have said?
Excusez-moi|Excuse me.|Excuse me.
Fais attention en conduisant|Be careful driving.|Make attention in driving.
Fais attention|Be careful.|Make attention.
Faites le plein, s'il vous plaît|Fill it up, please.|Do the full, if it you pleases.
Faites un bon voyage|Have a good trip.|Make a good voyage.
Ici|Over here.|Here.
Il a besoin de nouveaux vêtements|He needs some new clothes.|He has need of new clothes.
Il a cassé la fenêtre|He broke the window.|He has broken the window.
Il a dit que c'était un endroit sympa|He said this is a nice place.|He has said that it was a place nice.
Il a dit que vous aimiez regarder des films|He said you like to watch movies.|He has said that you liked to watch some movies.
Il a plu beaucoup aujourd'hui|It rained very hard today.|It has rained much today.
Il a raison|He's right.|He has reason.
Il a une belle voiture|He has a nice car.|He has a beautiful car.
Il aime le jus de fruits mais il n'aime pas le lait|He likes juice but he doesn't like milk.|He likes the juice of fruits but he not likes not the milk.
Il arrive bientôt|He's coming soon.|He arrives soon.
Il est américain|He's an American.|He is American.
Il est censé pleuvoir demain|It's supposed to rain tomorrow.|He is supposed to rain tomorrow.
Il est dans la cuisine|He's in the kitchen.|He is in the kitchen.
Il est ingénieur|He's an Engineer.|He is engineer.
Il est onze heures et demie|It's half past 11.|It is eleven hours and half.
Il est plus rapide que moi|He's faster than me.|He is more rapid than me.
Il est très bon étudiant|He's a very good student.|He is very good student.
Il est très célèbre|He's very famous.|He is very famous.
Il est très ennuyeux|He's very annoying.|He is very annoying.
Il est très travailleur|He's very hard working.|He is very worker.
Il étudie à l'université de Boston|He studies at Boston University.|He studies at the university of Boston.
Il fait beaucoup de vent|It's very windy.|It makes much of wind.
Il fait toujours ça pour moi|He always does that for me.|He does always that for me.
Il fait très froid aujourd'hui|It's very cold today.|It makes very cold today.
Il fera froid ce soir|It'll be cold this evening.|It will make cold this evening.
Il l'aime beaucoup|He likes it very much.|He it likes much.
Il n'a pas l'air d'un infirmier|He doesn't look like a nurse.|He not has not the air of a nurse.
Il ne me donne jamais rien|He never gives me anything.|He not me gives never nothing.
Il n'est jamais allé en Amérique|He's never been to America.|He not is never gone in America.
Il n'est pas censé pleuvoir aujourd'hui|it's not suppose to rain today.|He not is not supposed to rain today.
Il n'est pas là maintenant|He's not in right now.|He not is not there now.
Il n'y a personne pour l'instant|Nobody is there right now.|It not there has person for the instant.
Il pense que nous ne voulons pas y aller|He thinks we don't want to go.|He thinks that we not want not there to go.
Il pleut beaucoup|It's really raining hard (hot in prompt was likely typo).|It rains much.
Il pleut|It's raining.|It rains.
Il sera de retour dans vingt minutes|He'll be back in 20 minutes.|He will be of return in twenty minutes.
Il travaille pour une compagnie d'informatique à New York|He works at a computer company in New York.|He works for a company of information-technology at New York.
Il va faire chaud aujourd'hui|It's going to be hot today.|It goes to make hot today.
Il va neiger aujourd'hui|It's going to snow today.|It goes to snow today.
Il y a beaucoup de gens ici|There are many people here.|It there has much of people here.
Il y a des livres sur la table|There are some books on the table.|It there has some books on the table.
Il y a des pommes dans le réfrigérateur|There are some apples in the refrigerator.|It there has some apples in the refrigerator.
Il y a eu un accident de voiture|There has been a car accident.|It there has had an accident of car.
Il y a largement le temps|There's plenty of time.|It there has largely the time.
Il y a longtemps|A long time ago.|It there has long-time.
Il y a un livre sous la table|There's a book under the table.|It there has a book under the table.
Il y a un restaurant là-bas, mais je ne pense pas que c'est très bon|There's a restaurant over there...|It there has a restaurant there-down, but I not think not that it is very good.
Il y a un restaurant près d'ici|There's a restaurant near here.|It there has a restaurant near from here.
Ils comptent venir l'année prochaine|They're planning to come next year.|They count to come the year next.
Ils font payer vingt-six dollars par jour|They charge 26 dollars per day.|They make to pay twenty-six dollars per day.
Ils ne l'ont pas encore rencontrée|They haven't met her yet.|They not her have not yet met.
Ils nous attendent|They're waiting for us.|They us wait.
Ils sont arrivés hier|They arrived yesterday.|They are arrived yesterday.
Ils sont très occupés|They're very busy.|They are very occupied.
Ils vont revenir tout de suite|They'll be right back.|They go to come back all of suite.
J'abandonne|I give up.|I abandon.
J'ai acheté une chemise hier|I bought a shirt yesterday.|I have bought a shirt yesterday.
J'ai beaucoup de choses à faire|I have a lot of things to do.|I have much of things to do.
J'ai besoin d'aller chez moi|I need to go home.|I have need of to go at-house me.
J'ai besoin de ça pour y arriver d'ici demain|I need this to get there by tomorrow.|I have need of that for there to arrive from here tomorrow.
J'ai besoin de changer de vêtements|I need to change clothes.|I have need of to change of clothes.
J'ai besoin de mouchoirs|I need some tissues.|I have need of tissues.
J'ai besoin de pratiquer mon anglais|I need to practice my English.|I have need of to practice my English.
J'ai besoin d'un docteur|I need a doctor.|I have need of a doctor.
J'ai besoin d'une autre clé|I need another key.|I have need of another key.
J'ai besoin d'y aller maintenant|I need to go now.|I have need of there to go now.
J'ai de l'argent|I have money.|I have of the money.
J'ai déjà mangé|I ate already.|I have already eaten.
J'ai deux soeurs|I have two sisters.|I have two sisters.
J'ai encore à me brosser les dents et à prendre une douche|I still have to brush my teeth...|I have yet to me to brush the teeth and to take a shower.
J'ai encore beaucoup de choses à acheter|I still have a lot of things to buy.|I have yet much of things to buy.
J'ai encore beaucoup de choses à faire|I still have a lot to do.|I have yet much of things to do.
J'ai entendu dire que le Texas était beau comme endroit|I've heard Texas is a beautiful place.|I have heard to say that the Texas was beautiful like place.
J'ai eu un accident|I got in an accident.|I have had an accident.
J'ai faim|I'm hungry.|I have hunger.
J'ai fait ce gâteau|I made this cake.|I have made this cake.
J'ai fait une erreur|I made a mistake.|I have made an error.
J'ai fait une réservation|I have a reservation.|I have made a reservation.
J'ai froid|I'm cold.|I have cold.
J'ai ma propre voiture|I have one in my car (Natural was likely typo in prompt).|I have my own car.
J'ai mal à la gorge|My throat is sore.|I have bad/hurt at the throat.
J'ai mal à la tête|I have a headache.|I have bad/hurt at the head.
J'ai mal à l'estomac|My stomach hurts.|I have bad/hurt at the stomach.
J'ai mal dans le bras|I have pain in my arm.|I have bad/hurt in the arm.
J'ai perdu ma montre|I lost my watch.|I have lost my watch.
J'ai seulement cinq dollars|I only have 5 dollars.|I have only five dollars.
J'ai soif|I'm thirsty.|I have thirst.
J'ai trente-deux ans|I'm 32.|I have thirty-two years.
J'ai trois enfants, deux filles et un fils|I have three children...|I have three children, two girls and one son.
J'ai un rhume|I have a cold.|I have a cold.
J'ai une question à te poser|I have a question I want to ask you.|I have a question to to-you to pose.
J'ai vingt-six ans|I'm 26 years old.|I have twenty-six years.
J'aime la cuisine italienne|I like Italian food.|I like the kitchen/cooking Italian.
J'aime regarder la télé|I like to watch TV.|I like to watch the TV.
J'allais à la bibliothèque|I was going to the library.|I was going to the library.
J'allais quitter le restaurant quand mes amis sont arrivés|I was about to leave...|I was going to leave the restaurant when my friends are arrived.
J'arrive tout de suite|I'm coming right now.|I arrive all of suite.
J'arriverai sous peu|It will arrive shortly.|I will arrive under little.
Je cherche la poste|I'm looking for the post office.|I look for the post office.
Je comprends maintenant|I understand now.|I understand now.
Je comprends|I understand.|I understand.
Je dois aller à la poste|I have to go to the post office.|I must go to the post office.
Je dois laver mes vêtements|I have to wash my clothes.|I must wash my clothes.
Je fais un mètre quatre-vingt|"I'm 6'2""."|I make one meter eighty.
Je fais une taille huit|I'm a size 8.|I make a size eight.
Je l'ai déjà vu|I've already seen it.|I it have already seen.
Je l'ai vu|I've seen it.|I it have seen.
Je l'aime|I like her / I like it.|I him/her/it like.
Je lui dirai que tu as appelé|I'll tell him you called.|I to him will say that you have called.
Je m'appelle John Smith|My name is John Smith.|I me call John Smith.
Je m'apprête à sortir|I'm getting ready to go out.|I me ready to go out.
Je me sens bien|I feel good.|I me feel well.
Je me souviens|I remember.|I me remember.
Je m'en fiche|I don't care.|I me of it fix/care.
Je m'ennuie|I'm bored.|I me annoy.
Je n'ai jamais fait ça|I've never done that.|I not have never done that.
Je n'ai jamais vu ça avant|I've never seen that before.|I not have never seen that before.
Je n'ai pas assez d'argent|I don't have enough money.|I not have not enough of money.
Je n'ai pas d'argent|I don't have any money.|I not have not of money.
Je n'ai pas de petite amie|I don't have a girlfriend.|I not have not of little friend.
Je n'ai pas encore décidé|I still haven't decided.|I not have not yet decided.
Je n'ai pas encore déjeuné|I haven't had lunch yet.|I not have not yet lunched.
Je n'ai pas fini de manger|I haven't finished eating.|I not have not finished of to eat.
Je n'ai pas le temps maintenant|I don't have time right now.|I not have not the time now.
Je n'ai pas peur|I'm not afraid.|I not have not fear.
Je ne comprends pas ce que vous dites|I don't understand what your saying.|I not understand not that which you say.
Je ne comprends pas|I don't understand.|I not understand not.
Je ne l'aime pas|I don't like him / it.|I not him/it like not.
Je ne me sens pas bien|I don't feel well.|I not me feel not well.
Je ne parle pas très bien l'anglais|I don't speak English very well.|I not speak not very well the English.
Je ne parle pas très bien|I don't speak very well.|I not speak not very well.
Je ne pense pas|I don't think so.|I not think not.
Je ne sais pas m'en servir|I don't know how to use it.|I not know not me of it to serve.
Je ne sais pas|I don't know.|I not know not.
Je ne suis pas américain|I'm not American.|I not am not American.
Je ne suis pas encore prêt|I'm not ready yet.|I not am not yet ready.
Je ne suis pas marié|I'm not married.|I not am not married.
Je ne suis pas occupé|I'm not busy.|I not am not occupied.
Je ne suis pas sûr|I'm not sure.|I not am not sure.
Je ne veux pas ça|I don't want that.|I not want not that.
Je ne veux pas te déranger|I don't want to bother you.|I not want not you to disturb.
Je ne vous entends pas clairement|I can't hear you clearly.|I not you hear not clearly.
Je ne vous entends pas|I can't hear you.|I not you hear not.
Je n'en veux pas|I don't want it.|I not of it want not.
Je nettoie ma chambre|I'm cleaning my room.|I clean my room.
Je n'y suis pas allé|I haven't been there.|I not there am not gone.
Je n'y vais pas|I'm not going.|I not there go not.
Je paierai le dîner|I'll pay for dinner.|I will pay the dinner.
Je paierai les billets|I'll pay for the tickets.|I will pay the tickets.
Je paierai|I'll pay.|I will pay.
Je parle deux langues|I speak two languages.|I speak two languages.
Je parle un peu anglais|I speak a little English.|I speak a little English.
Je pars demain|I'm leaving Tomorrow.|I leave tomorrow.
Je pensais que les vêtements étaient plus chers|I thought the clothes were cheaper.|I thought that the clothes were more expensive.
Je pensais qu'il avait dit autre chose|I thought he said something else.|I thought that he had said other thing.
Je pense aussi|I think so.|I think also.
Je pense que ces chaussures sont très belles|I think those shoes are very good looking.|I think that these shoes are very beautiful.
Je pense que c'est bon|I think it tastes good.|I think that it is good.
Je pense que c'est très bon|I think it's very good.|I think that it is very good.
Je pense que j'ai besoin de voir un docteur|I think I need to see a doctor.|I think that I have need of to see a doctor.
Je pense que tu as trop de vêtements|I think you have too many clothes.|I think that you have too many of clothes.
Je peux nager|I can swim.|I can swim.
Je plaisante|I'm just kidding.|I pleasant/joke.
Je prendrai celui-ci aussi|I'll take that one also.|I will take this one also.
Je prendrai la même chose|I'll have the same thing.|I will take the same thing.
Je prendrai un verre d'eau s'il vous plaît|I'll have a glass of water please.|I will take a glass of water if it you pleases.
Je prendrai une tasse de thé s'il vous plaît|I'll have a cup of tea please.|I will take a cup of tea if it you pleases.
Je rappellerai plus tard|I'll call back later.|I will call back more late.
Je regarde|I'm just looking.|I look.
Je rentre à la maison dans quatre jours|I'm going home in four days.|I return to the house in four days.
Je reviendrai plus tard|I'll come back later.|I will come back more late.
Je reviens tout de suite|I'll be right back.|I come back all of suite.
Je sais|I know.|I know.
Je sors du travail à six heures|I get off of work at 6.|I exit of the work at six hours.
Je suis à mon compte|I'm self-employed.|I am at my account.
Je suis allé au supermarché, et ensuite au magasin d'informatique|I went to the supermarket...|I am gone to the supermarket, and then to the store of computer-science.
Je suis allergique aux fruits de mer|I'm allergic to seafood.|I am allergic to the fruits of sea.
Je suis américain|I'm American.|I am American.
Je suis célibataire|I'm single.|I am bachelor/single.
Je suis content|I'm happy.|I am happy/content.
Je suis d'accord|I agree.|I am of agreement.
Je suis débutant|I'm a beginner.|I am beginner.
Je suis désolé, nous sommes complets|I'm sorry, we're sold out.|I am desolated, we are complete/full.
Je suis désolé|I'm sorry.|I am desolated.
Je suis en attente|I'm on hold (phone).|I am in waiting.
Je suis fatigué|I'm tired.|I am tired.
Je suis ici depuis deux jours|I've been here for two days.|I am here since two days.
Je suis ici pour affaires|I'm here on business.|I am here for affairs.
Je suis inquiet aussi|I'm worried too.|I am worried also.
Je suis malade|I'm sick.|I am sick.
Je suis marié|I'm married.|I am married.
Je suis perdu|I'm lost.|I am lost.
Je suis prêt|I'm ready.|I am ready.
Je suis professeur|I'm a teacher.|I am professor.
Je suis repu|I'm full.|I am sated.
Je suis très occupé|I'm very busy.|I am very occupied.
Je suis très occupé - Je n'ai pas le temps maintenant|I'm very busy - I don't have time now.|I am very occupied - I not have not the time now.
Je suis un Américain|I'm an American.|I am an American.
Je suis venu avec ma famille|I came with my family.|I am come with my family.
Je t'aime|I love you.|I you love.
Je t'appellerai vendredi|I'll call you on Friday.|I you will call Friday.
Je t'apprendrai|I'll teach you.|I you will teach/learn.
Je t'attends|I'm waiting for you.|I you wait-for.
Je te crois|I believe you.|I you believe.
Je te donnerai un coup de fil|I'll give you a call.|I to-you will give a blow of wire/thread.
Je te fais confiance|I trust you.|I to-you make confidence.
Je te parlerai bientôt|I'll talk to you soon.|I to-you will speak soon.
Je t'emmenerai à l'arrêt de bus|I'll take you to the bus stop.|I you will lead to the stop of bus.
Je vais au lit|I'm going to bed.|I go to the bed.
Je vais bien, et toi ?|I'm fine, and you?|I go well, and you?
Je vais bien|I'm good.|I go well.
Je vais dîner|I'm going to go have dinner.|I go to dine.
Je vais en Amérique l'année prochaine|I'm going to America next year.|I go in America the year next.
Je vais le prendre|I'll take it.|I go it to take.
Je vais partir|I'm going to leave.|I go to leave.
Je vais très bien, merci|I'm very well, thank you.|I go very well, thanks.
Je veux acheter quelque chose|I want to buy something.|I want to buy something.
Je veux contacter notre ambassade|I want to contact our embassy.|I want to contact our embassy.
Je veux envoyer ce paquet aux Etats-Unis|I want to send this package...|I want to send this package to the States-United.
Je veux seulement un en-cas|I only want a snack.|I want only a snack.
Je veux te donner un cadeau|I want to give you a gift.|I want to you to give a gift.
Je veux te montrer quelque chose|I want to show you something.|I want to you to show something.
Je veux te poser une question|I want to ask you a question.|I want to you to pose a question.
Je viens d'Amérique|I'm from America.|I come from America.
Je viens te chercher|I'm coming to pick you up.|I come you to look for.
Je voudrais acheter quelque chose|I'd like to buy something.|I would want to buy something.
Je voudrais acheter une bouteille d'eau, s'il vous plaît|I'd like to buy a bottle of water, please.|I would want to buy a bottle of water, if it you pleases.
Je voudrais acheter une carte de téléphone s'il vous plaît|I'd like to buy a phone card please.|I would want to buy a card of phone if it you pleases.
Je voudrais aller au magasin|I'd like to go to the store.|I would want to go to the store.
Je voudrais aller chez moi|I'd like to go home.|I would want to go at-house me.
Je voudrais appeler les Etats-Unis|I'd like to call the United States.|I would want to call the States-United.
Je voudrais aussi de l'eau, s'il vous plaît|I'd like some water too, please.|I would want also some water, if it you pleases.
Je voudrais échanger ceci contre des dollars|I'd like to exchange this for Dollars.|I would want to exchange this against some dollars.
Je voudrais en avoir un|I wish I had one.|I would want of it to have one.
Je voudrais envoyer ça en Amérique|I'd like to send this to America.|I would want to send that in America.
Je voudrais envoyer un fax|I'd like to send a fax.|I would want to send a fax.
Je voudrais faire du shopping|I'd like to go shopping.|I would want to make some shopping.
Je voudrais faire une promenade|I'd like to go for a walk.|I would want to make a promenade/walk.
Je voudrais faire une réservation|I'd like to make a reservation.|I would want to make a reservation.
Je voudrais le numéro de l'hôtel Hilton s'il vous plaît|I'd like the number for the Hilton Hotel please.|I would want the number of the hotel Hilton if it you pleases.
Je voudrais louer une voiture|I'd like to rent a car.|I would want to rent a car.
Je voudrais manger au restaurant dans la cinquième rue|I'd like to eat at 5th street restaurant.|I would want to eat at the restaurant in the fifth street.
Je voudrais parler à Monsieur Smith s'il vous plaît|I'd like to speak to Mr. Smith please.|I would want to speak to Mister Smith if it you pleases.
Je voudrais passer un coup de téléphone|I'd like to make a phone call.|I would want to pass a blow of telephone.
Je voudrais un plan de la ville|I'd like a map of the city.|I would want a map of the city.
Je voudrais une chambre à deux lits s'il vous plaît|I'd like a room with two beds please.|I would want a room at two beds if it you pleases.
Je voudrais une chambre à un lit|I'd like a single room.|I would want a room at one bed.
Je voudrais une chambre non-fumeur|I'd like a non-smoking room.|I would want a room non-smoker.
Je voudrais une chambre|I'd like a room.|I would want a room.
Je voudrais une table près de la fenêtre|I'd like a table near the window.|I would want a table near of the window.
Je voudrais utiliser l'internet|I'd like to use the internet.|I would want to use the internet.
J'espère que votre femme et vous ferez un bon voyage|I hope you and your wife have a nice trip.|I hope that your wife and you will make a good voyage.
J'étais dans la bibliothèque|I was in the library.|I was in the library.
J'habite en Californie|I live in California.|I inhabit in California.
John part en vacances demain|John is going on vacation tomorrow.|John leaves in vacations tomorrow.
J'oublie|I forget.|I forget.
Joyeux anniversaire|Happy Birthday.|Joyous anniversary.
Juste ici|Right here.|Just here.
Juste là|Right there.|Just there.
Juste un moment|Just a moment.|Just a moment.
Juste un peu|Just a little.|Just a little.
J'y ai travaillé pendant cinq ans|I've worked there for five years.|I there have worked during five years.
J'y suis allé|I've been there.|I there am gone.
La date d'expiration|Expiration date.|The date of expiration.
La nourriture est délicieuse|The food was delicious.|The food is delicious.
La prochaine fois|Next time.|The next time.
La télé est cassée|The TV is broken.|The TV is broken.
La voiture est réparée|The car is fixed.|The car is repaired.
Là-bas|Over there.|There-down.
L'accident a eu lieu au croisement|The accident happened at the intersection.|The accident has had place at the crossing.
Laisse-moi vérifier|Let me check.|Leave me to verify.
laisse-moi y réfléchir|Let me think about it.|Leave me there to reflect.
L'avion part à cinq heures et demie de l'après-midi|The plane departs at 5:30P.|The plane leaves at five hours and half of the after-middle-day.
Le grand ou le petit ?|The big one or the small one?|The big or the little?
Le livre est à côté de la table|The book is next to the table.|The book is at side of the table.
Le livre est derrière la table|The book is behind the table.|The book is behind the table.
Le livre est dessus la table|The book is on top of the table.|The book is on-top the table.
Le livre est devant la table|The book is in front of the table.|The book is before the table.
Le livre est près de la table|The book is near the table.|The book is near of the table.
Le livre est sous la table|The book is under the table.|The book is under the table.
Le livre est sur la table|The book is on the table.|The book is on the table.
Le trois juillet|July 3rd (June 3rd in prompt was typo).|The three July.
Le vingt-deux octobre|October 22nd.|The twenty-two October.
Le vol dure combien de temps ?|How long is the flight?|The flight lasts how much of time?
Lequel est le meilleur ?|Which one is the best?|Which one is the best?
Lequel est meilleur ?|Which one is better?|Which one is better?
Lequel est moins cher ?|Which one is cheaper?|Which one is less expensive?
Lequel tu veux ?|Which one do you want?|Which one you want?
Lequel ?|Which one?|Which one?
Les affaires vont bien|Business is good.|The affairs go well.
Les livres sont chers|The books are expensive.|The books are expensive.
Les routes sont glissantes|The roads are slippery.|The roads are slippery.
Les voitures sont américaines|The cars are American.|The cars are American.
Ma fille est ici|My daughter is here.|My daughter is here.
Ma grand-mère est décédée l'année dernière|My grandmother passed away last year.|My grandmother is deceased the year last.
Ma maison est près de la banque|My house is close to the bank.|My house is near of the bank.
Ma valise a disparu|My luggage is missing.|My suitcase has disappeared.
Ma voiture a été heurtée par une autre voiture|My car was hit by another car.|My car has been hit by another car.
Ma voiture ne marche pas|My car isn't working.|My car not walks/works not.
Maintenant ou plus tard ?|Now or later?|Now or more late?
Mâle ou femelle ?|Male or female?|Male or female?
Merci beaucoup|Thank you very much.|Thanks much.
Merci Mademoiselle|Thank you miss.|Thanks Miss.
Merci Monsieur|Thank you sir.|Thanks Mister.
Merci pour ton aide|Thanks for your help.|Thanks for your aid.
Merci pour tout|Thanks for everything.|Thanks for all.
Merci|Thank you / Thanks.|Thanks.
Mets la voiture en marche|Start the car.|Put the car in walk/march.
Mon ami est américain|My friend is American.|My friend is American.
Mon anniversaire est le vingt-sept août|My birthday is August 27th.|My anniversary is the twenty-seven August.
Mon fils étudie l'informatique|My son studies computers.|My son studies the information-technology.
Mon fils|My son.|My son.
Mon père est avocat|My father is a lawyer.|My father is lawyer.
Mon père y est allé|My father has been there.|My father there is gone.
Mon portable n'a pas une bonne réception|My cell phone doesn't have good reception.|My portable (phone) not has not a good reception.
Mon portable ne marche pas|My cell phone doesn't work.|My portable (phone) not walks/works not.
Ne fais pas ça|Don't do that.|Not do not that.
Ne t'inquiète pas|Don't worry.|Not yourself worry not.
N'est-ce pas ?|Isn't it?|Not is it not?
N'importe quoi|Nonsense.|Not imports what.
Non, c'est la première fois|No, this is the first time.|No, it is the first time.
Non, je suis américain|No, I'm American.|No, I am American.
Non, merci|No, thank you.|No, thanks.
Non|No.|No.
Nos enfants sont en Amérique|Our children are in America.|Our children are in America.
Nous avons deux garçons et une fille|We have two boys and one girl.|We have two boys and one girl.
Nous l'aimons beaucoup|We like it very much.|We it like much.
Nous pouvons manger de la nourriture italienne ou chinoise|We can eat Italian or Chinese food.|We can to eat of the food Italian or Chinese.
Nous prendrons deux verres d'eau s'il vous plaît|We'll have two glasses of water please.|We will take two glasses of water if it you pleases.
Nous sommes en retard|We're late.|We are in delay.
Nous venons de Californie|We're from California.|We come from California.
On a volé ma montre|My watch has been stolen.|One has stolen my watch.
Où est la boîte aux lettres ?|Where's the mail box?|Where is the box to the letters?
Où est la gare routière ?|Where is the bus station?|Where is the station road?
Où est la pharmacie ?|Where's the pharmacy?|Where is the pharmacy?
Où est la poste ?|Where's the post office?|Where is the post office?
Où est la rue principale ?|Where is Main Street?|Where is the street principal?
Où est l'aéroport ?|Where is the airport?|Where is the airport?
Où est le restaurant le plus proche ?|Where's the closest restaurant?|Where is the restaurant the most near?
Où est l'hôpital le plus proche ?|Where's the nearest hospital?|Where is the hospital the most near?
Où est ma chemise ?|Where is my shirt?|Where is my shirt?
Où est-ce que ça fait mal ?|Where does it hurt?|Where is it that that makes bad/hurt?
Où est-ce que ça s'est passé ?|Where did it happen?|Where is it that that itself is passed?
Où est-ce que je peux acheter des billets ?|Where can I buy tickets?|Where is it that I can buy some tickets?
Où est-ce que je peux changer des dollars américains ?|Where can I exchange U.S. dollars?|Where is it that I can change some dollars Americans?
Où est-ce que je peux louer une voiture ?|Where can I rent a car?|Where is it that I can rent a car?
Où est-ce que je peux poster ça ?|Where can I mail this?|Where is it that I can post that?
Où est-ce que je peux trouver un hôpital ?|Where can I find a hospital?|Where is it that I can find a hospital?
Où est-ce que ta femme travaille ?|Where does your wife work?|Where is it that your wife works?
Où est-ce que tu as appris l'anglais ?|Where did you learn English?|Where is it that you have learned the English?
Où est-ce que tu habites ?|Where do you live?|Where is it that you inhabit?
Où est-ce que tu l'as appris ?|Where did you learn it?|Where is it that you it have learned?
Où est-ce que tu l'as mis ?|Where did you put it?|Where is it that you it have put?
Où est-ce que tu travaillais avant de travailler ici ?|Where did you work before...?|Where is it that you worked before of to work here?
Où est-ce que tu travailles ?|Where do you work?|Where is it that you work?
Où est-ce qu'il y a un distributeur de billets ?|Where is there an ATM?|Where is it that it there has a distributor of tickets?
Où est-ce qu'il y a un docteur qui parle anglais ?|Where is there a doctor who speaks English?|Where is it that it there has a doctor who speaks English?
Où est-ce ?|Where is it?|Where is it?
Où est-il ?|Where is he?|Where is he?
Où es-tu allé ?|Where did you go?|Where are you gone?
Où es-tu ?|Where are you?|Where are you?
Où étais-tu ?|Where were you?|Where were you?
Où sont les tee-shirts ?|Where are the t-shirts?|Where are the t-shirts?
Où sont les toilettes ?|Where is the bathroom?|Where are the toilets?
Où trouve-t-on un distributeur de billets ?|Where is an ATM?|Where finds one a distributor of tickets?
Où vas-tu aller ?|Where are you going to go?|Where go you to go?
Où vas-tu ?|Where are you going?|Where go you?
Où veux-tu aller ?|Where do you want to go?|Where want you to go?
Où voudrais-tu aller ?|Where would you like to go?|Where would want you to go?
Où voudrais-tu qu'on se retrouve ?|Where would you like to meet?|Where would want you that one ourselves find-again?
Oui, vraiment|Yes, really.|Yes, truly.
Oui|Yes.|Yes.
Ouvre la fenêtre|Open the window.|Open the window.
Ouvre la porte|Open the door.|Open the door.
Par là|That way.|By there.
Partageons|Let's share.|Let us share.
Pas de problème|No problem.|Not of problem.
Pas encore|Not yet.|Not yet.
Pas récemment|Not recently.|Not recently.
Pendant combien de temps est-ce que tu vas rester en Californie ?|How long are you going to stay...?|During how much of time is it that you go to stay in California?
Pendant combien de temps est-ce que tu vas rester ?|How long are you going to stay?|During how much of time is it that you go to stay?
Personne ne nous aide|Nobody is helping us.|Person not us helps.
Peu importe|Never mind.|Little imports.
Peut-être|Maybe.|Can to be.
Peux-tu recommander un bon restaurant ?|Can you recommend a good restaurant?|Can you recommend a good restaurant?
Plus de deux cents kilomètres|More than 200 miles (km in French).|More of two hundred kilometers.
Plus que ça|More than that.|More than that.
Pour combien de nuits ?|For how many nights?|For how many of nights?
Pourquoi est-ce que tu as dit ça ?|Why did you say that?|Why is it that you have said that?
Pourquoi est-ce que tu as fait ça ?|Why did you do that?|Why is it that you have done that?
Pourquoi est-ce que tu ne pars pas ?|Why aren't you going?|Why is it that you not leave not?
Pourquoi est-ce que tu ris ?|Why are you laughing?|Why is it that you laugh?
Pourquoi pas ?|Why not?|Why not?
Pourrais tu me passer une serviette s'il te plaît ?|Will you hand me a towel please?|Could you me pass a towel if it you pleases?
Pourrais-je parler à madame Smith s'il vous plaît ?|May I speak to Mrs. Smith please?|Could I speak to Madam Smith if it you pleases?
Pourrais-tu m'appeler un taxi s'il te plaît ?|Will you call me a taxi please?|Could you me to call a taxi if it you pleases?
Pourrais-tu me faire passer le sel s'il te plaît ?|Will you pass me the salt please?|Could you me to make pass the salt if it you pleases?
Pourrais-tu me rappeler ?|Will you remind me?|Could you me call-back/remind?
Pourrais-tu m'emmener chez moi ?|Will you take me home?|Could you me lead at-house me?
Pourrais-tu mettre ça dans la voiture s'il te plaît ?|Will you put this in the car...?|Could you put that in the car if it you pleases?
Pourriez-vous lui demander de me rappeler s'il vous plaît ?|Would you ask him to call me back...?|Could you to him ask of me to call-back if it you pleases?
Pourriez-vous lui demander de venir ici ?|Would you ask him to come here?|Could you to him ask of to come here?
Pouvez-vous m'aider ?|Can you help me?|Can you me to help?
Pouvez-vous parler plus fort s'il vous plaît ?|Can you speak louder please?|Can you speak more strong if it you pleases?
Pouvez-vous répéter s'il vous plaît ?|Can you repeat that please?|Can you repeat if it you pleases?
Pratiquons l'anglais|Let's practice English.|Let us practice the English.
Prenez ce médicament|Take this medicine.|Take this medicine.
Près de la banque|Near the bank.|Near of the bank.
Quand déménagez-vous ?|When are you moving?|When demenage (move house) you?
Quand est la dernière fois que tu as parlé à ta mère ?|When was the last time...?|When is the last time that you have spoken to your mother?
Quand est le prochain bus pour Philadelphie ?|When is the next bus to Philadelphia?|When is the next bus for Philadelphia?
Quand est ton anniversaire ?|When is your birthday?|When is your anniversary?
Quand est-ce que ça sera prêt ?|When will it be ready?|When is it that that will be ready?
Quand est-ce que c'est arrivé ?|When did this happen?|When is it that it is arrived?
Quand est-ce que la banque ouvre ?|When does the bank open?|When is it that the bank opens?
Quand est-ce que l'avion arrive ?|When does the plane arrive?|When is it that the plane arrives?
Quand est-ce que le bus part ?|When does the bus leave?|When is it that the bus leaves?
Quand est-ce que nous arrivons ?|When do we arrive?|When is it that we arrive?
Quand est-ce que nous partons ?|When do we leave?|When is it that we leave?
Quand est-ce que tu arrives aux Etats-Unis ?|When do you arrive in the U.S.?|When is it that you arrive at the States-United?
Quand est-ce que tu commences le travail ?|When do you start work?|When is it that you start the work?
Quand est-ce que tu es arrivé à Boston ?|When did you arrive in Boston?|When is it that you are arrived at Boston?
Quand est-ce que tu sors du travail ?|When do you get off work?|When is it that you exit of the work?
Quand est-ce qu'il arrive ?|When does he/it arrive?|When is it that he arrives?
Quand est-ce qu'il va rentrer ?|When will he be back?|When is it that he goes to return?
Quand je suis allé au magasin, ils n'avaient pas de pommes.|When I went to the store...|When I am gone to the store, they not had not of apples.
Quand pars-tu ?|When are you leaving?|When leave you?
Quand reviens-tu ?|When are you coming back?|When come back you?
Quand vas-tu chercher ton ami ?|When are you going to pick up your friend?|When go you to look for your friend?
Quand viennent-ils ?|When are they coming?|When come they?
Quand voudriez-vous qu'on se rencontre ?|When would you like to meet?|When would want you that one ourselves meet?
Que penses-tu de ces chaussures ?|What do you think of these shoes?|What think you of these shoes?
Que puis-je faire pour vous ?|What can I do for you?|What can I to do for you?
Que veut dire ce mot ?|What does this word mean?|What wants to say this word?
Quel âge as-tu ?|How old are you?|What age have you?
Quel est le numéro de téléphone ?|What's the phone number?|What is the number of telephone?
Quel est le prix d'une chambre ?|What's the room rate?|What is the price of a room?
Quel est le problème ?|What's the matter?|What is the problem?
Quel est le tarif pour une nuit ?|What's the charge per night?|What is the tariff for a night?
Quel est le taux de change pour le dollars ?|What's the exchange rate for dollars?|What is the rate of exchange for the dollar?
Quel est le taux de change ?|What's the exchange rate?|What is the rate of exchange?
Quel est l'indicatif ?|What is the area code?|What is the indicative?
Quel est votre nom de famille ?|What's your last name?|What is your name of family?
Quel films est-ce que tu préfères ?|What's your favorite movie?|What movies is it that you prefer?
Quel goût est-ce que ça a ?|How does it taste?|What taste is it that that has?
Quel jour de la semaine sommes-nous ?|What day of the week is it?|What day of the week are we?
Quel jour est-ce qu'ils viennent ?|What day are they coming over?|What day is it that they come?
Quel temps fait-il ?|How's the weather?|What time/weather makes it?
Quel temps fera-t-il demain ?|What will the weather be like tomorrow?|What time/weather will make it tomorrow?
Quelle est la date aujourd'hui ?|What's today's date?|What is the date today?
Quelle est la date ?|What's the date?|What is the date?
Quelle est la température ?|What's the temperature?|What is the temperature?
Quelle est l'adresse ?|What's the address?|What is the address?
Quelle est ton adresse e-mail ?|What's your email address?|What is your address email?
Quelle est ton adresse ?|What's your address?|What is your address?
Quelle heure est-il ?|What time is it?|What hour is it?
Quelle nourriture est-ce que tu préfères ?|What's your favorite food?|What food is it that you prefer?
Quelle route est-ce que je devrais prendre ?|Which road should I take?|What road is it that I should take?
Quelle sorte de musique est-ce que tu aimes ?|What kind of music do you like?|What sort of music is it that you like?
Quelle taille ?|What size?|What size?
Quelquefois je vais me coucher à onze heures du soir...|Sometimes I go to sleep at 11 p.m...|Sometimes I go me to bed at eleven hours of the evening...
Quelques livres|Some books.|Some books.
Quelques-uns|A few.|Some ones.
Quelqu'un fait ça pour moi ?|Someone does that for me?|Someone does that for me?
Quelqu'un vient ?|Someone is coming.|Someone comes?
Quels sont tes passe-temps ?|What are your hobbies?|Which are your pass-times?
Qu'en penses-tu ?|What do you think?|What of it think you?
Qu'est-ce que ça dit ?|What does this say?|What is it that that says?
Qu'est-ce que ça veut dire ?|What does this mean?|What is it that that wants to say?
Qu'est-ce que c'est que ça ?|What's this? / What is that?|What is it that it is that that?
Qu'est-ce que c'est ?|What is it?|What is it that it is?
Qu'est-ce que je devrais mettre ?|What should I wear?|What is it that I should put (on)?
Qu'est-ce que les gens font d'habitude en été à Los Angeles ?|What do people usually do...|What is it that the people do of habit in summer at Los Angeles?
Qu'est-ce que tes parents font comme travail ?|What do your parents do for work?|What is it that your parents do like work?
Qu'est-ce que ton père fait comme travail ?|What does your father do for work?|What is it that your father does like work?
Qu'est-ce que tu as fait hier ?|What did you do yesterday?|What is it that you have done yesterday?
Qu'est-ce que tu as fait la nuit dernière ?|What did you do last night?|What is it that you have done the night last?
Qu'est-ce que tu as pensé ?|What did you think?|What is it that you have thought?
Qu'est-ce que tu as ?|What do you have?|What is it that you have?
Qu'est-ce que tu étudies ?|What do you study?|What is it that you study?
Qu'est-ce que tu fais comme travail ?|What do you do for work?|What is it that you do like work?
Qu'est-ce que tu fais ?|What are you doing?|What is it that you do?
Qu'est-ce que tu recommandes ?|What do you recommend?|What is it that you recommend?
Qu'est-ce que tu vas faire ce soir ?|What are you going to do tonight?|What is it that you go to do this evening?
Qu'est-ce que tu vas prendre ?|What are you going to have?|What is it that you go to take?
Qu'est-ce que tu veux acheter ?|What do you want to buy?|What is it that you want to buy?
Qu'est-ce que tu veux faire ?|What do you want to do?|What is it that you want to do?
Qu'est-ce que tu voudrais boire ?|What would you like to drink?|What is it that you would want to drink?
Qu'est-ce que tu voudrais manger ?|What would you like to eat?|What is it that you would want to eat?
Qu'est-ce qui est mieux, les spaghettis ou la salade au poulet ?|Which is better...|What that is better, the spaghettis or the salad at-the chicken?
Qu'est-ce qui est mieux ?|Which is better?|What that is better?
Qu'est-ce qui le mieux ?|Which is the best?|What that is the better?
Qu'est-ce qui ne va pas ?|What's wrong?|What that not goes not?
Qu'est-ce qui s'est passé ?|What happened?|What that itself is passed?
Qu'est-ce qu'il fait comme travail ?|What does he do for work?|What is it that he does like work?
Qu'est-ce qu'il y a dedans ?|What's in it?|What is it that it there has in-it?
Qu'est-ce qu'ils étudient ?|What do they study?|What is it that they study?
Qui a envoyé cette lettre ?|Who sent this letter?|Who has sent this letter?
Qui a gagné ?|Who won?|Who has won?
Qui c'était ?|Who was that?|Who it was?
Qui cherches-tu ?|Who are you looking for?|Who look-for you?
Qui est à l'appareil ?|Who's calling?|Who is at the apparatus (phone)?
Qui est cet homme là-bas ?|Who's that man over there?|Who is this man there-down?
Qui est-ce ?|Who is it?|Who is it?
Qui es-tu ?|Who are you?|Who are you?
Qui était ton professeur ?|Who was your teacher?|Who was your professor?
Qui sont-ils ?|Who are they?|Who are they?
Qui t'a appris ça ?|Who taught you that?|Who to-you has taught that?
Qui t'a appris ?|Who taught you?|Who to-you has taught?
Quoi d'autre ?|Anything else?|What of other?
Quoi de neuf ?|What's up?|What of new?
Ramasse tes vêtements|Pick up your clothes.|Pick up your clothes.
Réglez ça dehors|Take it outside.|Settle that outside.
Retrouvons-nous devant l'hôtel|Let's meet in front of the hotel.|Find-again ourselves before the hotel.
Rien d'autre|Nothing else.|Nothing of other.
Sa chambre est très petite|His room is very small.|His/her room is very small.
Sa famille arrive demain|His family is coming tomorrow.|His/her family arrives tomorrow.
Salut|Hello / Hi.|Salute.
Samedi, ça va ?|How about Saturday?|Saturday, that goes?
Santé|Cheers!|Health.
Serveur|Waiter!|Waiter.
Serveuse|Waitress!|Waitress.
Si vous avez besoin de mon aide...|If you need my help...|If you have need of my aid, make it to me know if it you pleases.
Si vous l'aimez, je peux en acheter plus|If you like it I can buy more.|If you it like, I can of it to buy more.
S'il te plaît appelle-moi|Please call me.|If it to-you pleases call me.
S'il te plaît attends-moi|Please wait for me.|If it to-you pleases wait for me.
S'il te plaît compte ça pour moi|Please count this for me.|If it to-you pleases count that for me.
S'il te plaît dis-lui que John a appelé|Please tell her John called.|If it to-you pleases say to her that John has called.
S'il te plaît dis-moi|Please tell me.|If it to-you pleases say to me.
S'il te plaît écris-le|Please write it down.|If it to-you pleases write it.
S'il te plaît rentre|Please come in.|If it to-you pleases enter.
S'il te plaît|Please.|If it to-you pleases.
S'il vou plaît emmenez-moi à l'aéroport|Please take me to the airport.|If it you pleases lead me to the airport.
S'il vous plaît asseyez-vous|Please sit down.|If it you pleases sit yourself down.
S'il vous plaît emmenez-moi à cette adresse|Please take me to this address.|If it you pleases lead me to this address.
S'il vous plaît enlevez vos chaussures|Please take off your shoes.|If it you pleases remove your shoes.
S'il vous plaît parlez anglais|Please speak English.|If it you pleases speak English.
S'il vous plaît parlez plus lentement|Please speak more slowly.|If it you pleases speak more slowly.
S'il vous plaît remplissez ce formulaire|Please fill out this form.|If it you pleases fill this form.
Son fils|His son.|His/her son.
Suivez-moi|Follow me.|Follow me.
Super|Great.|Super.
Ta fille|Your daughter.|Your daughter.
Tais-toi|Be quiet.|Silent yourself.
Tente ta chance|Take a chance.|Try your chance.
Tourne à droite|Turn right.|Turn to right.
Tourne à gauche|Turn left.|Turn to left.
Tourne-toi|Turn around.|Turn yourself.
Tout est prêt|Everything is ready.|All is ready.
Tout le monde le sais|Everyone knows it.|All the world it knows.
Toute la journée|All day.|All the day.
Travailles-tu aujourd'hui ?|Are you working today?|Work you today?
Travailles-tu demain ?|Are you working Tomorrow?|Work you tomorrow?
Très bien, merci|Very good, thanks.|Very well, thanks.
Tu as l'air fatigué|You look tired.|You have the air tired.
Tu as raison|You're right.|You have reason.
Tu as une très belle voiture|You have a very nice car.|You have a very beautiful car.
Tu crois ça ?|Do you believe that?|You believe that?
Tu entends ça ?|Do you hear that?|You hear that?
Tu es belle|You're beautiful.|You are beautiful.
Tu es plus intelligent que lui|You're smarter than him.|You are more intelligent than him.
Tu es très intelligent|You're very smart.|You are very intelligent.
Tu es très sympa|You're very nice.|You are very nice.
Tu parles l'anglais très bien|You speak English very well.|You speak the English very well.
Tu ressembles à ta soeur|You look like my sister (typo in prompt was likely sister).|You resemble to your sister.
Tu te sens mieux|Do you feel better?|You yourself feel better?
Un aller simple ou un aller-retour ?|One way or round trip?|A go simple or a go-return?
Un aller simple|A one way ticket.|A go simple.
Un aller-retour|A round trip ticket.|A go-return.
Un billet pour New York s'il vous plaît|One ticket to New York please.|A ticket for New York if it you pleases.
Un comme ça|One like that.|One like that.
Un peu|A little.|A little.
Viens ici|Come here.|Come here.
Voilà mon numéro|Here's my number.|There-is my number.
Voilà votre commande|Here's your order.|There-is your command.
Voilà votre salade|Here is your salad.|There-is your salad.
Voilà|Here it is.|There-is.
Vos affaires sont toutes là|Your things are all here.|Your affairs are all there.
Vos enfants sont très bien élevés|Your children are very well behaved.|Your children are very well raised.
Votre maison est très jolie|Your house is very nice.|Your house is very pretty.
Voudriez-vous acheter ça ?|Would you like to buy this?|Would want you to buy that?
Voudriez-vous aller vous promener ?|Would you like to go for a walk?|Would want you to go yourself to promenade?
Voudriez-vous de l'eau ou du lait ?|Would you like water or milk?|Would want you some water or some milk?
Voudriez-vous de l'eau ?|Would you like some water?|Would want you some water?
Voudriez-vous dîner avec moi ?|Would you like to have dinner with me?|Would want you to dine with me?
Voudriez-vous du café ou du thé ?|Would you like coffee or tea?|Would want you some coffee or some tea?
Voudriez-vous du vin ?|Would you like some wine?|Would want you some wine?
Voudriez-vous louer un film ?|Would you like to rent a movie?|Would want you to rent a movie?
Voudriez-vous prendre un message s'il vous plaît ?|Would you take a message please?|Would want you to take a message if it you pleases?
Voudriez-vous quelque chose à boire ?|Would you like something to drink?|Would want you something at to drink?
Voudriez-vous quelque chose à manger ?|Would you like something to eat?|Would want you something at to eat?
Voudriez-vous regarder la television ?|Would you like to watch TV?|Would want you to watch the television?
Voudriez-vous un verre d'eau ?|Would you like a glass of water?|Would want you a glass of water?
Vous attendez depuis longtemps ?|Have you been waiting long?|You wait since long-time?
Vous voilà|Here you are.|You there-is.
Vraiment ?|Really?|Truly?
